{"train_loss": [5.07817171720358, 4.865223787381098, 4.764711751693334, 4.691872544777699, 4.633076486832056, 4.579285322702848, 4.527842953266242, 4.481091499939943, 4.43305930357713, 4.388562196340317, 4.335781876246134, 4.2889137078554205, 4.238207700008001, 4.181820524961521, 4.137240838698852, 4.074927305258237, 4.022642219983615, 3.9713131122100047, 3.9324661600284085, 3.8859551457258372, 3.8311236592439504, 3.7880693671030876, 3.7455257223202634, 3.6994285919727425, 3.655030693152012, 3.625277218451867, 3.5801019145892217, 3.542336118221283, 3.5070989633217837, 3.4726105668605904, 3.4334231104606237, 3.404154592905289, 3.371871996537233, 3.34441326153584, 3.31767816788111, 3.279606527854235, 3.2526187367928334, 3.2210586266639907, 3.202333454291026, 3.178323067457248, 3.163437726253118, 3.1585835719719912, 3.141195180782905, 3.1300104407163767, 3.111769582980718, 3.108058764690008, 3.108381181802505, 3.1000272750854494, 3.0992190840916756, 3.1002482674060725, 3.0878778350658904, 3.088644356605334, 3.092364378158863, 3.0901725289149162, 3.0909064959257075, 3.0902833208059652, 3.0989482415028107, 3.095431351967347, 3.0958885843937214, 3.099024735352932, 3.1022879728904136, 3.0937826819908927, 3.1020357312300266, 3.0974064784172253, 3.0919204461268888, 3.0852056711147995, 3.091173098026178, 3.0854670099723034, 3.080785547158657, 3.079695903032254, 3.075417863100003, 3.07689488973373, 3.0720093983870287, 3.0609574635823567, 3.054764082798591, 3.065757017869216, 3.0553568228697165, 3.044559803987161, 3.0344453160579388, 3.0222543716430663], "val_loss": [4.810017182276799, 4.633505463600159, 4.520947804817786, 4.464616179466248, 4.366801439187466, 4.307833570700425, 4.243075838455787, 4.211745329392262, 4.1807118745950556, 4.104833835210556, 4.117979975847097, 4.00240023013873, 3.970115303993225, 3.9049168274952817, 3.8561676190449643, 3.8164585889914098, 3.787811878399971, 3.6851814221113157, 3.605965290314112, 3.6145140696794558, 3.5803686410952835, 3.5738443166781693, 3.5258258275496654, 3.4651647622768698, 3.4415826155589175, 3.4122168009097757, 3.4274335152063613, 3.4123248870556173, 3.343640672854888, 3.3315867521823983, 3.3208147440201197, 3.308326779267727, 3.276267314568544, 3.268596658339867, 3.284649365987533, 3.2232174903918533, 3.2203770753664847, 3.2173559757379384, 3.209130204640902, 3.1999020331945176, 3.2015798061321945, 3.1965225445918546, 3.183607477408189, 3.1765775772241445, 3.170573965097085, 3.1643524017089453, 3.164554599003914, 3.165205637613932, 3.165393624550257, 3.165001997580895, 3.165001997580895, 3.166737972161709, 3.164972421450493, 3.1672803652592196, 3.1705296284113174, 3.1599731261913595, 3.158359631513938, 3.1629024896866236, 3.144349278547825, 3.1620745353209667, 3.162563015253116, 3.1425930995207567, 3.173422553600409, 3.1592699656119714, 3.175598049775148, 3.160326917966207, 3.1614070458289905, 3.206608173174736, 3.1997905541688967, 3.1576337264134335, 3.1794786972877307, 3.203175364396511, 3.2054330171682897, 3.1626800573789158, 3.1739096152476773, 3.161486674577762, 3.234031863701649, 3.198099527603541, 3.23432705952571, 3.2650038431852293], "train_acc": [2.1494391025641026, 3.761017628205128, 4.884815705128205, 5.712139423076923, 6.425280448717949, 7.181490384615385, 7.655248397435898, 8.32431891025641, 8.881209935897436, 9.596354166666666, 10.165264423076923, 10.787259615384615, 11.57852564102564, 12.303685897435898, 12.88661858974359, 13.7890625, 14.412059294871796, 15.38661858974359, 15.994591346153847, 16.67568108974359, 17.599158653846153, 18.07792467948718, 18.73096955128205, 19.58934294871795, 20.295472756410255, 20.719150641025642, 21.478365384615383, 22.139423076923077, 22.681290064102566, 23.220152243589745, 23.928285256410255, 24.413060897435898, 24.981971153846153, 25.325520833333332, 25.95252403846154, 26.380208333333332, 27.07431891025641, 27.511017628205128, 27.795472756410255, 28.345352564102566, 28.62880608974359, 28.580729166666668, 28.869190705128204, 29.346955128205128, 29.481169871794872, 29.486177884615383, 29.486177884615383, 29.892828525641026, 29.701522435897434, 29.630408653846153, 29.788661858974358, 29.842748397435898, 29.950921474358974, 29.871794871794872, 29.990985576923077, 29.87880608974359, 29.83573717948718, 29.778645833333332, 29.79266826923077, 29.838741987179485, 29.552283653846153, 29.764623397435898, 29.657451923076923, 29.75861378205128, 29.857772435897434, 29.768629807692307, 29.89082532051282, 29.915865384615383, 29.830729166666668, 29.717548076923077, 29.840745192307693, 29.877804487179485, 29.958934294871796, 30.146233974358974, 30.115184294871796, 29.957932692307693, 30.029046474358974, 30.29747596153846, 30.556891025641026, 30.928485576923077], "val_acc": [4.206730769230769, 6.2600160256410255, 7.652243589743589, 8.183092948717949, 9.435096153846153, 10.026041666666666, 11.147836538461538, 11.48838141025641, 11.909054487179487, 12.860576923076923, 12.810496794871796, 14.713541666666666, 14.823717948717949, 16.095753205128204, 16.88701923076923, 17.29767628205128, 18.489583333333332, 19.791666666666668, 21.043669871794872, 21.083733974358974, 21.444310897435898, 21.94511217948718, 22.786458333333332, 23.4375, 23.98838141025641, 24.639423076923077, 24.479166666666668, 24.989983974358974, 26.15184294871795, 25.87139423076923, 26.322115384615383, 26.54246794871795, 27.303685897435898, 27.43389423076923, 27.18349358974359, 27.994791666666668, 27.764423076923077, 28.345352564102566, 28.435496794871796, 28.44551282051282, 28.345352564102566, 28.69591346153846, 28.946314102564102, 29.076522435897434, 29.026442307692307, 29.236778846153847, 29.06650641025641, 29.38701923076923, 29.246794871794872, 29.256810897435898, 29.256810897435898, 29.18669871794872, 29.22676282051282, 29.196714743589745, 29.216746794871796, 29.45713141025641, 29.427083333333332, 29.52724358974359, 29.57732371794872, 29.497195512820515, 29.256810897435898, 29.647435897435898, 29.046474358974358, 29.40705128205128, 29.326923076923077, 29.567307692307693, 29.377003205128204, 28.485576923076923, 28.766025641025642, 29.487179487179485, 29.497195512820515, 28.966346153846153, 29.13661858974359, 30.14823717948718, 29.84775641025641, 29.57732371794872, 28.916266025641026, 29.13661858974359, 29.076522435897434, 28.715945512820515]}